SalaryID,EmployeeID,EffectiveDate,MonthlyIncome
1342,1758,2023-09-15,10267
802,1447,2024-12-31,
240,1136,2024-12-06,8900
144,1082,2023-05-16,6271
619,1344,2025-06-13,11000
1395,1787,2024-05-18,6339
691,1385,2025-04-22,7100
1109,1622,2024-11-01,4150
1195,1672,2025-06-08,7641
970,1540,2023-07-03,8813
335,1187,2023-08-19,8800
353,1197,2026-06-04,10700
1393,1786,2025-05-09,9339
864,1482,2026-01-22,10100
766,1426,2023-11-20,7589
1057,1591,2026-06-04,8200
985,1547,2024-11-16,9600
386,1215,2024-12-26,8000
1257,1709,2026-03-04,11800
520,1288,2022-06-01,4838
485,1268,2024-06-13,12300
1130,1634,2023-09-17,6696
782,1436,2025-03-06,4500
1106,1620,2025-08-20,4700
826,1461,2026-01-11,7000
950,1529,2024-10-29,13200
827,1462,2024-11-29,
665,1370,2023-05-03,9237
906,1505,2025-10-31,20600
548,1304,2025-06-20,5700
308,1173,2025-06-05,7800
955,1532,2025-09-22,4100
1499,1843,2025-03-02,11300
1116,1626,2025-09-24,10400
1510,1850,2024-08-27,6981
1255,1707,2025-08-01,7300
200,1113,2024-06-10,6785
700,1390,2024-04-21,6339
706,1393,2021-11-15,11774
158,1090,2024-02-19,6071
1122,1629,2025-02-24,10400
591,1327,2025-10-02,4300
1223,1690,2026-01-17,"$14,700"
602,1335,2024-09-09,10094
503,1278,2024-03-26,4553
271,1153,2022-08-15,7881
465,1258,2025-05-19,"$7,169"
355,1198,2025-09-02,5600
274,1154,2024-09-09,9200
1316,1744,2019-08-01,5808
1117,1627,2025-03-20,5660
269,1152,2024-04-18,11607
77,1044,2023-09-23,12946
469,1260,2025-04-25,6698
502,1277,2025-08-16,8700
1171,1658,2026-03-02,9900
1293,1730,2026-03-23,12200
46,1027,2024-07-07,13100
15,1010,2019-11-11,14264
1041,1581,2026-07-07,9100
493,1273,2024-10-23,7169
1059,1592,2025-07-17,14600
874,1487,2024-06-22,8100
247,1140,2022-02-18,12016
666,1370,2025-02-18,10900
449,1249,2024-02-08,9000
1037,1579,2024-10-19,13679
1496,1841,2025-06-07,8900
969,1539,2026-01-03,7500
668,1371,2024-07-17,8000
478,1264,2024-04-04,3800
1523,1857,2025-11-09,12600
504,1278,2025-06-07,5100
446,1247,2025-01-27,7800
1417,1799,2024-02-01,8392
1526,1859,2025-12-21,9600
1456,1820,2024-06-17,12400
1095,1614,2022-10-30,8644
418,1232,2025-01-09,10188
306,1172,2024-09-28,12000
1043,1582,2026-01-31,11000
1035,1577,2024-12-19,10500
1322,1747,2023-11-09,8392
506,1279,2025-06-21,7200
1186,1667,2021-04-09,5846
545,1302,2023-08-07,6500
388,1216,2025-07-26,7100
72,1040,2026-01-01,9300
1503,1846,2024-04-27,4732
143,1081,2025-06-21,8800
279,1157,2026-06-04,12500
480,1265,2023-08-14,8000
1483,1835,2023-11-25,11428
774,1431,2024-08-23,17641
241,1137,2020-11-17,10846
495,1274,2022-10-31,7627
527,1292,2020-07-28,8307
1314,1743,2025-07-11,13113
184,1104,2021-05-20,16846
1243,1701,2025-04-10,7000
643,1357,2025-07-05,5300
70,1039,2023-12-24,7000
1286,1726,2025-01-20,11792
613,1340,2025-05-05,14800
463,1257,2020-06-10,4117
419,1232,2025-08-16,10800
783,1437,2023-10-02,6964
702,1391,2021-11-15,11854
722,1402,2025-08-04,10400
814,1453,2026-01-18,9300
287,1161,2024-08-26,10100
1283,1724,2025-12-31,6500
1147,1643,2023-10-11,11000
1304,1737,2025-05-04,8300
1164,1653,2024-09-15,7000
1239,1699,2025-09-18,19400
1047,1585,2025-07-06,16509
673,1375,2025-05-05,10800
366,1204,2025-11-06,16700
772,1430,2025-03-10,9905
1300,1735,2026-04-26,13600
242,1137,2023-11-17,14100
319,1179,2025-07-19,16200
1166,1655,2024-02-28,5089
312,1175,2025-03-16,5900
796,1444,2025-04-23,13600
309,1174,2024-09-29,11320
825,1460,2025-09-12,10600
432,1239,2025-12-13,14300
182,1103,2023-09-09,6785
843,1471,2023-06-23,10000
1178,1662,2025-09-09,9100
69,1039,2021-07-31,5645
1519,1855,2024-03-31,6517
198,1112,2023-11-27,7499
854,1477,2025-03-06,14600
930,1519,2023-12-13,15892
284,1160,2022-03-28,12258
1189,1668,2023-10-23,6900
59,1034,2024-03-04,7678
838,1468,2025-12-20,6500
138,1079,2024-08-13,8584
889,1495,2025-06-22,18200
1099,1616,2023-02-05,6186
324,1182,2023-03-31,6694
758,1422,2024-12-09,7358
1542,9994,2024-01-15,4800
205,1116,2025-04-05,9811
1073,1601,2025-01-24,5500
1264,1713,2025-08-19,14100
1202,1677,2022-05-18,6451
499,1276,2024-04-09,3839
720,1401,2025-03-03,9800
695,1387,2025-03-11,5800
403,1224,2022-12-18,8559
1019,1569,2021-10-12,5403
683,1381,2024-08-30,"$8,018"
1145,1642,2025-04-19,10800
1440,1812,2024-01-11,6160
482,1266,2025-04-07,"$5,300"
733,1408,2021-11-08,7096
266,1150,2023-09-24,7321
102,1059,2025-05-24,9811
1126,1632,2023-11-04,7678
1267,1715,2025-05-17,13962
1389,1783,2026-06-22,11900
1136,1637,2025-12-26,7900
1354,1764,2021-04-28,10923
620,1345,2023-08-10,6696
1498,1843,2024-07-26,10660
847,1473,2026-01-23,7200
845,1472,2024-04-29,11071
1507,1848,2025-02-25,5500
146,1083,2024-06-26,19285
473,1262,2025-04-03,5660
404,1224,2024-10-05,10100
66,1037,2025-02-13,22500
1069,1599,2022-05-01,7580
1261,1711,2025-12-11,10900
1337,1755,2024-07-04,14800
682,1380,2026-06-11,6700
273,1154,2022-11-22,7796
933,1520,2025-07-23,5800
1167,1655,2025-05-11,5700
1482,1834,2025-12-04,9400
1366,1770,2026-03-11,6300
333,1186,2024-07-30,5500
862,1481,2025-01-13,8100
604,1336,2025-07-01,7924
800,1446,2025-06-20,11900
1357,1765,2024-01-02,10800
1326,1749,2025-09-01,4400
811,1452,2025-07-06,9433
1307,1739,2023-02-14,6864
1181,1664,2025-04-16,6226
1382,1779,2021-02-05,5615
1200,1675,2024-08-08,9700
824,1459,2024-06-06,7100
1446,1815,2024-10-15,9339
788,1440,2026-01-15,8300
1259,1710,2025-09-20,6900
162,1092,2026-06-21,12400
47,1028,2023-08-21,8303
625,1348,2021-07-22,9677
1097,1615,2025-04-16,10094
458,1254,2025-03-09,14700
406,1226,2024-12-19,7264
1471,1828,2023-08-21,4642
94,1054,2025-01-24,11792
918,1513,2025-07-12,19245
757,1421,2025-01-16,11000
231,1131,2021-11-06,5322
373,1208,2026-07-20,6200
264,1149,2024-05-09,6785
795,1444,2024-02-10,12142
302,1170,2025-02-10,19700
957,1533,2025-02-04,8600
981,1545,2025-09-03,10900
999,1557,2025-11-30,10300
471,1261,2021-12-30,9758
174,1098,2025-07-20,7100
689,1384,2025-07-17,4600
987,1548,2025-03-27,10500
1256,1708,2026-04-01,11100
822,1458,2025-09-11,16700
580,1321,2025-09-26,7400
953,1531,2025-10-19,21600
1439,1811,2024-07-16,9300
1506,1848,2023-12-15,4910
1406,1793,2023-02-16,5254
453,1251,2024-04-10,12700
1096,1614,2024-08-17,10200
1252,1706,2022-01-22,5483
1148,1644,2020-12-11,8000
730,1406,2025-08-14,8600
288,1162,2025-12-18,14100
964,1537,2022-05-04,3306
497,1275,2022-12-13,9576
227,1129,2023-03-04,5508
509,1281,2024-01-31,6874
115,1066,2024-06-01,7946
1532,1862,2024-04-20,6700
334,1187,2020-08-19,6769
124,1071,2021-12-02,6451
4,1003,2024-07-26,6698
716,1398,2024-10-30,13600
678,1378,2019-10-15,11838
550,1305,2025-10-01,14700
18,1011,2025-04-27,10000
1132,1635,2022-09-21,6101
1369,1772,2025-03-07,"$6,415"
561,1312,2022-05-19,11048
1124,1630,2024-02-10,10800
1321,1746,2025-05-19,4300
1291,1729,2023-11-19,7142
249,1141,2023-07-18,7118
609,1338,2026-01-28,10200
654,1364,2023-05-28,7033
554,1308,2023-10-29,18035
1281,1722,2025-12-02,16400
607,1337,2025-04-13,14800
34,1020,2025-07-10,8500
612,1340,2024-02-22,13214
1029,1574,2025-08-05,9400
777,1433,2023-08-23,5803
53,1031,2025-07-06,10660
836,1467,2024-02-23,9107
915,1511,2025-06-21,6600
1391,1785,2024-09-30,6603
1536,1864,2025-05-18,12900
848,1474,2025-04-08,10188
585,1324,2024-06-01,6964
1207,1679,2025-05-22,9200
1331,1752,2024-08-27,6981
113,1065,2023-12-23,6696
551,1306,2024-12-31,15660
110,1063,2026-04-09,6100
663,1368,2025-07-07,7900
281,1158,2024-11-16,7900
189,1106,2025-01-21,17100
1332,1752,2025-04-03,7400
746,1415,2025-03-27,12700
412,1229,2022-04-19,8790
1505,1847,2026-02-24,
1447,1815,2025-05-22,9900
696,1388,2021-10-15,6048
1362,1768,2023-01-18,12542
19,1012,2024-09-20,13018
850,1475,2023-08-27,11249
337,1188,2024-10-31,10500
437,1243,2024-08-16,14245
1430,1805,2025-04-18,8100
712,1396,2025-07-12,19400
791,1442,2024-11-18,10094
599,1333,2026-05-29,5000
350,1195,2026-01-18,17500
1174,1660,2020-11-28,10538
1196,1672,2026-01-13,8100
1161,1652,2023-09-04,7589
1241,1700,2024-02-21,9600
898,1501,2022-11-24,
257,1145,2025-04-17,8100
213,1120,2024-06-19,8400
260,1147,2024-10-05,9339
598,1332,2025-08-12,6200
1284,1725,2023-04-16,
1087,1609,2026-04-01,7100
1085,1608,2024-05-29,8750
236,1134,2025-11-30,9700
956,1533,2023-11-24,7678
1363,1768,2024-11-05,14800
477,1264,2021-04-05,2923
1002,1559,2021-07-01,5230
22,1014,2023-03-02,9576
1474,1829,2024-08-08,8600
558,1310,2025-08-10,14300
454,1252,2023-09-16,
709,1394,2025-10-03,19500
1492,1839,2025-05-06,6400
71,1040,2025-05-27,8773
1383,1779,2024-02-05,7300
1119,1628,2025-01-01,6037
697,1388,2024-03-09,7500
357,1199,2025-02-18,7000
21,1013,2026-03-29,12200
1340,1757,2025-06-05,10566
1138,1638,2024-11-25,6200
1135,1636,2025-10-01,8700
1433,1808,2025-09-09,14300
1345,1759,2025-02-03,19900
573,1318,2021-05-06,
1067,1597,2025-05-12,9700
383,1213,2025-09-16,
129,1074,2024-06-30,9285
541,1300,2026-05-04,13800
85,1048,2024-05-13,8400
1272,1717,2024-08-10,6700
371,1207,2024-01-22,6696
569,1316,2024-09-04,
364,1203,2025-03-22,12700
1431,1806,2026-03-01,6100
1217,1686,2020-10-30,"$8,000"
908,1506,2025-05-01,17100
860,1480,2025-12-24,14000
370,1206,2025-01-13,12300
1515,1853,2024-02-12,14285
1407,1793,2024-12-04,6200
8,1005,2024-12-13,13000
1384,1780,2023-12-14,5357
872,1486,2025-08-04,9100
513,1283,2026-06-04,11600
725,1404,2025-05-08,8867
399,1222,2025-07-13,7547
947,1528,2025-07-18,12452
342,1191,2026-06-26,8300
103,1059,2025-12-29,10400
1275,1719,2024-06-30,10714
984,1547,2022-06-24,7741
422,1234,2022-09-17,5508
48,1028,2024-11-01,9300
401,1223,2023-04-24,11779
186,1105,2022-07-23,10000
172,1097,2025-02-24,"$6,400"
771,1429,2025-04-22,18100
650,1362,2024-05-03,7053
1305,1738,2023-03-22,11525
942,1525,2025-07-16,6300
1442,1813,2025-06-17,13207
62,1035,2024-09-15,6100
1260,1711,2025-05-06,10283
1105,1619,2024-10-19,8900
1360,1767,2025-03-16,13773
505,1279,2024-04-09,6428
286,1161,2022-11-08,8559
195,1110,2025-01-01,5471
652,1363,2022-08-15,11186
456,1253,2026-02-28,7000
1292,1729,2025-01-30,8000
576,1319,2025-09-14,
793,1443,2023-12-27,13214
130,1074,2025-09-11,10400
368,1205,2025-07-10,7400
1177,1662,2025-02-02,8584
852,1476,2026-07-04,6500
810,1451,2024-10-28,"$13,600"
667,1371,2022-02-22,6451
1385,1780,2025-02-24,6000
660,1367,2025-06-30,17075
1271,1717,2022-03-18,5403
466,1258,2025-12-24,"$7,600"
676,1377,2022-06-14,6209
954,1532,2024-07-11,3660
128,1073,2025-07-31,6300
1245,1702,2025-08-03,5000
362,1202,2026-04-17,11000
844,1471,2025-04-10,11800
170,1096,2025-02-04,10500
1367,1771,2024-12-22,13301
120,1068,2026-02-15,7900
1464,1824,2026-01-29,10200
785,1438,2024-08-06,4245
1346,1760,2024-12-30,12264
1168,1656,2026-05-19,13300
740,1412,2024-12-05,6886
1201,1676,2025-10-21,5600
1183,1665,2026-03-06,9500
533,1295,2022-05-04,5161
1468,1826,2024-02-11,6600
679,1378,2023-05-21,16100
201,1113,2025-08-22,7600
1055,1590,2024-10-30,5094
250,1141,2025-05-05,8400
378,1211,2024-04-14,5624
316,1178,2023-09-17,9732
147,1083,2025-09-07,21600
626,1348,2023-12-15,12000
1045,1584,2024-12-26,8396
1495,1841,2024-10-31,8396
1467,1826,2021-09-18,5322
142,1081,2024-11-14,8301
1477,1831,2022-10-02,7033
1040,1580,2025-03-28,10300
526,1291,2025-09-22,16700
356,1199,2023-12-08,6249
924,1516,2025-03-07,9245
336,1188,2023-01-13,8898
68,1038,2024-08-21,12900
1394,1786,2025-12-14,9900
1500,1844,2024-10-29,5754
420,1233,2023-09-09,9017
1412,1796,2026-01-21,8900
83,1047,2026-01-29,10900
326,1183,2023-11-14,11607
931,1519,2025-02-23,17800
42,1025,2021-11-11,6209
16,1010,2023-06-17,19400
159,1090,2025-05-02,6800
1436,1810,2025-01-17,8679
858,1479,2025-01-03,8300
769,1428,2026-04-27,8100
871,1486,2024-05-23,8124
574,1318,2024-05-05,14800
644,1358,2025-10-02,12600
1172,1659,2024-12-04,13396
962,1536,2021-08-19,6612
1537,1865,2024-11-09,8018
583,1323,2024-03-04,12321
1356,1765,2021-08-09,8709
910,1508,2026-04-21,9000
1185,1666,2025-09-24,5600
944,1526,2024-07-10,12000
100,1057,2025-12-09,10000
329,1184,2024-11-25,11500
1329,1751,2021-05-03,4538
530,1293,2025-01-14,7300
1197,1673,2025-07-30,7800
84,1048,2021-05-14,6461
3,1002,2025-09-03,6000
797,1445,2021-11-06,7016
1318,1745,2024-10-02,7547
1098,1615,2025-11-21,10700
1374,1775,2025-05-17,9528
1062,1594,2025-08-19,6500
1091,1611,2025-12-04,
216,1122,2024-12-30,10188
1279,1721,2021-01-08,8615
1486,1836,2024-08-24,8900
705,1392,2025-04-23,7200
81,1046,2024-07-17,9017
1371,1773,2025-04-17,5754
38,1023,2022-08-08,8813
1451,1817,2025-09-21,9200
1052,1588,2026-06-16,9200
912,1509,2025-01-07,10900
1044,1583,2026-07-15,10200
392,1218,2025-11-29,17000
183,1103,2024-11-20,7600
375,1209,2025-10-16,7300
1434,1809,2025-01-20,9339
1026,1572,2024-12-26,11300
489,1271,2025-06-03,12547
67,1038,2022-11-03,10932
923,1515,2024-10-11,5200
749,1417,2024-07-14,8303
1522,1857,2025-04-04,11886
408,1227,2023-06-04,12033
587,1325,2025-10-08,11500
1404,1792,2024-05-07,4821
430,1238,2025-08-06,12300
173,1098,2024-12-13,"$6,698"
594,1330,2022-12-26,6016
1294,1731,2022-04-10,8629
331,1185,2024-12-28,20100
728,1405,2025-01-20,11800
488,1270,2026-02-08,13500
285,1160,2024-08-20,15200
1368,1771,2025-07-29,14100
815,1454,2026-06-15,13200
1212,1682,2025-09-21,12900
1254,1707,2024-12-25,6886
1273,1718,2025-04-17,10471
233,1132,2026-01-21,7100
1419,1800,2022-03-04,4838
565,1314,2022-06-06,9354
280,1158,2023-09-05,7053
932,1520,2024-05-11,5178
892,1497,2026-05-31,8200
664,1369,2026-03-27,11600
1049,1586,2024-10-20,18490
557,1309,2025-05-10,7500
1453,1818,2024-12-01,4100
1309,1740,2026-05-29,19800
737,1410,2026-07-02,12500
581,1322,2025-06-28,9905
628,1349,2025-01-04,11800
461,1256,2024-08-04,5471
1287,1726,2025-08-27,12500
1242,1701,2023-06-23,5932
61,1035,2022-11-28,"$5,169"
202,1114,2025-12-18,7600
400,1222,2026-02-17,8000
29,1018,2025-01-23,9150
601,1334,2024-08-25,8100
542,1301,2025-04-17,13584
1216,1685,2026-06-27,10100
543,1301,2025-11-22,14400
452,1251,2021-11-16,10241
886,1494,2022-01-31,7500
127,1072,2024-09-03,9800
983,1546,2025-07-17,4000
348,1194,2024-12-31,9200
1007,1561,2025-09-08,8800
117,1067,2025-06-10,5566
105,1060,2023-07-30,25000
849,1474,2025-11-13,10800
380,1212,2023-05-30,7033
536,1296,2025-08-29,6900
352,1196,2025-09-15,8900
294,1165,2024-01-18,11600
1461,1823,2023-04-01,5593
1240,1700,2021-09-28,7741
1080,1605,2025-07-08,4600
1032,1576,2022-02-19,7580
92,1052,2024-11-13,9900
24,1015,2024-11-01,8396
887,1494,2024-06-25,9300
992,1552,2025-09-14,"$20,400"
91,1052,2023-01-26,8389
736,1409,2025-08-02,11300
524,1290,2019-08-23,8897
572,1317,2024-01-20,9300
790,1441,2025-06-24,9500
904,1504,2022-07-08,7983
1521,1856,2025-08-23,15100
978,1544,2020-11-20,7230
1165,1654,2026-03-07,16300
641,1356,2023-08-27,11200
817,1455,2025-11-26,9400
1224,1691,2024-04-24,7589
745,1415,2024-08-20,11981
615,1342,2025-09-04,7400
659,1366,2023-11-04,"$7,100"
224,1127,2025-08-06,6200
1306,1738,2025-01-07,13600
214,1121,2023-09-15,13928
779,1434,2026-04-17,11000
1190,1669,2023-12-18,8392
1154,1647,2026-02-15,7400
1250,1705,2024-10-07,12641
78,1044,2024-12-04,"$14,500"
1054,1589,2025-01-08,7700
1,1001,2026-04-24,16300
389,1217,2019-08-29,9044
1128,1633,2021-04-27,16769
440,1244,2024-11-09,10300
1444,1814,2022-04-04,5645
863,1482,2025-06-17,9528
808,1450,2025-03-20,6000
1131,1634,2024-11-28,7500
1269,1716,2024-02-19,7499
1355,1764,2024-04-27,14200
552,1306,2025-08-07,16600
729,1406,2025-01-07,8113
298,1168,2025-04-08,6981
546,1303,2026-04-09,7200
544,1302,2020-01-01,4779
278,1156,2025-05-14,7500
1511,1850,2025-04-03,7400
323,1181,2023-12-26,10600
491,1272,2023-06-09,6525
1060,1593,2026-07-16,10500
881,1491,2023-12-09,11071
1182,1664,2025-11-21,6600
1056,1590,2025-06-06,5400
941,1525,2024-12-09,5943
1414,1797,2025-08-07,7300
1449,1816,2025-04-05,10700
1445,1814,2024-08-27,7000
979,1544,2023-11-20,9400
1213,1683,2025-10-04,6400
222,1125,2024-12-16,6300
1333,1753,2025-11-14,11200
1349,1761,2024-10-10,9900
1102,1617,2024-08-02,14100
1402,1791,2024-04-08,8303
946,1527,2024-07-22,10900
7,1005,2023-10-02,11607
310,1174,2025-05-06,12000
1121,1629,2023-12-14,9285
949,1529,2023-01-11,11186
282,1159,2021-07-23,6532
1064,1596,2020-12-17,11538
1478,1831,2024-07-20,8300
149,1084,2023-06-18,15600
398,1221,2025-07-06,19800
1066,1597,2024-02-29,8660
328,1184,2023-09-14,10267
487,1269,2025-02-09,12100
578,1320,2025-07-05,6900
692,1386,2022-04-16,
523,1289,2026-02-01,10100
958,1534,2024-10-18,9433
646,1360,2020-04-26,5588
272,1153,2024-06-02,9300
888,1495,2024-11-15,17169
1251,1705,2025-05-14,13400
87,1049,2024-12-03,11800
165,1094,2023-10-02,9196
1330,1751,2024-05-02,5900
653,1363,2024-06-02,13200
556,1309,2024-10-03,7075
194,1109,2025-03-28,"$9,400"
327,1183,2025-01-25,"$13,000"
344,1192,2025-10-27,9600
109,1062,2025-11-22,5700
156,1089,2024-06-02,8214
531,1294,2022-03-07,3145
1231,1694,2024-08-14,18700
376,1210,2024-06-18,11517
756,1421,2023-11-05,9821
1408,1794,2021-02-10,7384
789,1441,2024-11-17,8962
481,1266,2024-08-31,5000
732,1407,2025-08-31,5500
721,1402,2024-05-23,9285
799,1446,2024-11-13,11226
1462,1823,2025-01-17,6600
1353,1763,2025-07-24,8500
472,1261,2024-05-24,12100
1299,1734,2025-08-08,"$7,500"
17,1011,2024-09-20,9433
1137,1638,2023-09-14,5535
1390,1784,2025-12-06,10200
76,1043,2025-09-16,12700
135,1077,2025-09-29,5000
2,1002,2025-01-27,5660
438,1243,2025-03-23,15100
1422,1801,2025-03-30,18800
320,1180,2022-03-25,14193
1016,1567,2024-10-25,21500
1298,1733,2026-04-24,17700
997,1556,2026-04-28,
739,1411,2025-02-08,9100
322,1181,2020-12-26,
568,1315,2024-02-03,13500
917,1512,2024-12-10,11100
252,1143,2024-01-01,8303
1343,1758,2024-11-26,11500
1112,1623,2025-08-20,15300
1377,1776,2025-10-27,16300
63,1036,2024-09-28,7452
764,1425,2024-04-04,8750
90,1051,2025-09-16,6800
804,1448,2025-03-01,10400
738,1411,2023-04-23,7711
157,1089,2025-08-14,9200
442,1245,2025-02-13,17700
1289,1727,2025-07-09,"$12,200"
1162,1652,2024-11-15,8500
415,1230,2025-09-13,15400
952,1530,2026-02-15,7500
1282,1723,2025-08-25,12700
553,1307,2026-01-26,12800
512,1282,2025-02-08,10000
1420,1800,2024-07-27,6000
522,1289,2025-06-27,9528
902,1503,2023-11-19,17500
1134,1636,2025-02-24,8207
1528,1860,2023-09-17,8400
474,1262,2025-11-08,6000
1038,1579,2025-05-26,
780,1435,2025-11-09,8700
1310,1741,2020-08-23,8000
181,1102,2025-03-04,4100
744,1414,2024-12-03,10200
1520,1855,2025-06-12,7300
1397,1788,2025-06-10,13396
402,1223,2025-02-09,13900
1535,1864,2024-10-11,12169
1529,1861,2023-07-21,3559
346,1193,2026-01-13,7500
1465,1825,2022-06-22,13145
251,1142,2025-08-23,7000
296,1167,2024-01-12,9732
1184,1666,2025-02-17,5283
1302,1736,2025-07-14,5400
1265,1714,2024-12-31,13962
718,1400,2026-05-11,6800
263,1148,2025-07-23,7100
121,1069,2025-08-21,6300
1133,1635,2024-07-09,7200
1336,1755,2022-09-16,12542
220,1124,2025-04-14,14600
268,1151,2025-11-15,9500
369,1206,2023-03-28,10423
193,1109,2024-08-21,8867
291,1164,2022-08-30,8050
693,1386,2024-09-08,10400
698,1389,2020-03-16,6691
1211,1682,2024-07-10,11517
1409,1794,2024-02-10,"$9,600"
1159,1651,2025-07-04,10754
1115,1625,2025-07-31,14500
1199,1675,2022-03-16,7822
547,1304,2024-11-13,5377
75,1043,2025-02-09,11981
1246,1703,2025-03-10,11603
803,1448,2024-07-25,9811
253,1143,2025-03-14,9300
433,1240,2026-06-25,10400
1248,1704,2024-08-14,6226
597,1332,2025-01-05,5849
1443,1813,2026-01-22,14000
12,1008,2026-03-30,15200
787,1439,2025-08-14,10600
655,1364,2025-03-15,8300
1144,1642,2024-02-06,9642
735,1409,2024-12-26,10660
1024,1571,2025-07-29,9500
210,1119,2020-01-03,8235
1524,1858,2021-06-08,5923
820,1457,2026-06-26,7700
1352,1763,2024-05-12,
180,1102,2023-05-17,3474
1365,1769,2025-12-07,17100
514,1284,2023-01-17,8728
313,1176,2026-03-16,17300
441,1245,2023-04-28,15000
622,1346,2024-12-23,6320
161,1091,2025-09-28,8000
830,1463,2024-12-02,9100
377,1210,2025-08-30,12900
206,1116,2025-11-10,10400
922,1515,2023-07-31,"$4,642"
289,1163,2024-01-25,"$13,839"
57,1033,2024-12-13,7075
685,1382,2023-05-29,14576
385,1215,2023-10-15,7142
501,1277,2025-01-09,8207
1027,1573,2023-09-07,17321
1518,1854,2024-11-30,8300
232,1131,2024-03-31,6600
1290,1728,2025-12-15,18700
426,1236,2024-05-27,10446
1323,1747,2025-01-20,9400
742,1413,2026-04-24,12200
311,1175,2024-01-03,5267
590,1327,2025-02-25,4056
238,1135,2024-12-24,15400
237,1135,2023-10-13,13749
427,1236,2025-08-08,11700
1004,1560,2024-11-19,8584
1372,1773,2025-11-22,6100
582,1322,2026-02-02,10500
1149,1644,2023-12-11,10400
762,1424,2019-09-20,7720
176,1099,2024-02-29,4900
1155,1648,2026-06-06,10300
1198,1674,2025-08-28,16600
995,1554,2025-06-29,9200
1490,1838,2026-01-12,12400
457,1254,2023-12-27,13124
835,1466,2025-12-13,9900
1475,1830,2023-09-08,3214
1411,1796,2025-06-16,8396
1485,1836,2022-11-06,7542
318,1179,2024-12-12,15283
1541,9993,2024-01-15,7000
1247,1703,2025-10-15,12300
672,1375,2024-09-28,10188
387,1216,2024-12-19,6698
153,1087,2024-03-14,10089
559,1311,2024-02-16,6785
1227,1692,2025-09-07,11000
1401,1790,2026-05-31,11900
945,1527,2022-10-04,9237
998,1557,2025-04-25,9716
1301,1736,2024-12-07,5094
1399,1789,2021-04-21,11615
753,1419,2026-05-19,4300
1489,1838,2025-06-07,11698
1379,1777,2025-05-03,9000
575,1319,2024-07-03,5535
1335,1754,2025-06-30,11700
265,1149,2025-07-21,7600
292,1164,2024-06-17,9500
1320,1746,2024-10-12,4056
600,1334,2022-04-02,6532
1000,1558,2025-03-27,4622
155,1088,2026-02-19,4400
1218,1686,2023-10-30,10400
23,1014,2024-12-18,11300
882,1491,2025-02-19,"$12,400"
1448,1816,2023-06-18,9067
1140,1639,2025-10-07,12000
1509,1849,2024-10-26,8000
1530,1861,2025-05-08,4200
1438,1811,2022-02-21,7500
828,1462,2025-07-06,7200
259,1146,2023-08-31,9100
228,1129,2024-12-20,6500
317,1178,2024-11-28,10900
968,1539,2025-05-29,7075
108,1062,2025-04-17,5377
1413,1797,2024-12-31,6886
1180,1663,2024-07-31,6600
428,1237,2025-12-07,10500
86,1049,2023-09-22,10535
916,1512,2023-02-22,9406
884,1493,2021-06-25,8538
1065,1596,2023-12-17,15000
593,1329,2025-10-13,4600
611,1339,2026-01-07,5000
1525,1858,2024-06-07,7700
525,1290,2023-03-29,12100
31,1019,2021-12-17,16048
11,1007,2024-09-18,5200
982,1546,2024-12-10,3773
439,1244,2023-01-22,8728
343,1192,2025-03-22,9056
711,1396,2024-12-05,"$18,301"
875,1488,2022-03-12,14516
459,1255,2020-12-02,7461
878,1489,2024-08-27,8300
670,1373,2025-11-18,"$17,600"
1146,1643,2020-03-06,8088
846,1472,2025-07-11,12400
126,1072,2022-04-11,7903
258,1146,2020-01-25,6691
1214,1684,2022-07-07,12741
867,1484,2025-02-11,7075
314,1177,2023-07-20,9491
1228,1693,2022-01-27,7419
1078,1604,2025-09-25,7400
5,1003,2025-03-02,7100
1469,1827,2023-11-22,8214
199,1112,2025-02-07,8400
629,1350,2025-02-15,8584
410,1228,2024-01-13,12678
1276,1719,2025-09-11,12000
717,1399,2025-09-06,12800
1435,1809,2025-08-27,9900
175,1099,2021-03-01,3769
1297,1732,2025-04-18,10900
1424,1802,2025-09-18,7500
840,1469,2025-03-27,5600
470,1260,2025-11-30,7100
203,1115,2024-05-31,5357
1156,1649,2023-01-31,11186
596,1331,2025-08-22,11800
632,1351,2025-05-01,11200
178,1100,2024-02-29,11900
276,1155,2024-06-15,9900
927,1517,2024-10-01,14800
413,1229,2024-09-11,10900
14,1009,2025-01-16,6900
484,1268,2022-01-19,9919
1487,1837,2024-02-26,10357
1476,1830,2024-11-19,3600
476,1263,2024-10-21,10000
1206,1679,2024-10-15,8679
539,1298,2024-10-20,5400
616,1343,2024-12-04,11886
1008,1562,2026-04-01,7100
118,1067,2026-01-15,5900
537,1297,2026-04-20,8300
1141,1640,2025-07-06,9528
1142,1640,2026-02-10,10100
642,1357,2024-04-23,4732
603,1335,2025-04-16,10700
1225,1691,2025-07-06,8500
1204,1678,2024-10-22,5660
1459,1822,2022-01-03,"$5,000"
164,1093,2026-02-12,5900
112,1064,2024-06-25,13100
345,1193,2025-06-08,7075
1205,1678,2025-05-29,6000
1089,1610,2024-05-16,13400
483,1267,2025-09-01,8900
1347,1760,2025-08-06,13000
994,1554,2024-04-17,8214
131,1075,2025-05-05,14622
1308,1739,2024-12-02,8100
1381,1778,2024-09-22,18900
339,1189,2024-11-17,15900
1325,1748,2024-12-22,12200
1082,1606,2026-02-05,7200
73,1041,2026-01-22,12600
515,1284,2024-11-04,10300
991,1551,2026-02-05,13300
516,1285,2026-06-11,7300
1237,1698,2025-04-14,11200
379,1211,2025-06-26,6300
13,1009,2023-11-05,6160
448,1249,2021-02-08,6923
1009,1563,2026-05-30,6300
209,1118,2025-08-30,14800
304,1171,2025-03-04,4400
577,1320,2024-04-23,6160
621,1345,2024-10-21,7500
965,1537,2024-09-26,4100
1079,1605,2024-12-01,4339
566,1314,2024-10-29,11600
1400,1789,2024-04-20,15100
694,1387,2024-08-04,5471
1123,1630,2021-09-17,8709
961,1535,2024-11-16,13700
645,1359,2026-02-03,9100
929,1518,2025-02-28,4900
883,1492,2026-03-27,11600
341,1190,2025-05-04,7700
1151,1646,2020-09-19,3461
347,1194,2023-10-20,8214
1457,1821,2021-04-10,13000
1339,1756,2025-04-28,15100
305,1172,2022-12-11,10169
37,1022,2025-08-16,17100
812,1452,2026-02-10,10000
43,1025,2024-04-05,7700
972,1541,2023-10-06,9464
395,1220,2024-12-12,13018
879,1490,2024-10-18,7547
1375,1775,2025-12-22,10100
926,1517,2022-12-14,12542
1238,1699,2025-02-11,18301
734,1408,2024-04-02,8800
460,1255,2023-12-02,9700
708,1394,2025-02-26,18396
424,1235,2023-08-29,6071
1516,1853,2025-04-25,16000
967,1538,2023-09-30,"$9,500"
880,1490,2025-05-25,8000
295,1166,2026-03-29,9900
586,1324,2025-08-13,7800
27,1016,2024-04-19,9000
681,1379,2025-09-15,5100
1068,1598,2025-08-11,12600
1063,1595,2026-07-07,12600
136,1078,2023-05-15,8220
511,1282,2023-11-28,8928
211,1119,2023-08-09,11200
1313,1742,2025-05-12,11700
354,1198,2024-06-21,4999
986,1548,2024-08-20,9905
1274,1718,2025-11-22,11100
853,1477,2024-07-30,13773
56,1032,2025-12-04,9400
464,1257,2024-01-15,5600
1452,1818,2023-09-20,3660
1473,1829,2022-10-21,7288
857,1479,2023-10-23,7410
217,1122,2025-08-06,10800
1101,1617,2022-03-10,11370
41,1024,2025-01-16,5800
885,1493,2024-06-24,11100
397,1221,2024-04-24,17678
1484,1835,2025-02-05,12800
1358,1766,2023-05-16,9661
1266,1714,2025-08-07,14800
1415,1798,2021-12-02,4112
1277,1720,2024-09-24,6981
1427,1804,2025-07-07,8679
179,1101,2026-05-23,15600
177,1100,2021-10-06,9596
741,1412,2025-07-12,7300
508,1280,2024-07-23,
571,1317,2021-08-27,"$7,500"
921,1514,2025-05-16,6700
1513,1851,2024-07-04,13600
301,1170,2023-04-25,16694
1454,1819,2026-03-06,11600
1015,1567,2022-06-02,
640,1356,2020-08-27,8615
564,1313,2025-05-03,11300
1278,1720,2025-05-01,7400
79,1045,2025-03-24,12452
519,1287,2026-01-16,21100
996,1555,2026-01-09,10500
1092,1612,2026-01-23,13700
727,1405,2023-11-09,10535
229,1130,2025-04-12,11415
819,1456,2025-12-31,8000
1090,1611,2025-04-29,15943
989,1550,2022-11-21,8050
51,1030,2021-09-06,6935
30,1018,2025-08-30,9700
634,1352,2024-11-23,14800
657,1365,2024-05-15,13800
562,1312,2024-10-11,13700
1387,1782,2022-07-12,7419
1192,1670,2026-07-08,7000
841,1470,2023-01-27,8983
226,1128,2024-07-26,21000
1157,1649,2024-11-18,13200
204,1115,2025-08-12,
445,1247,2023-11-16,6964
372,1207,2025-04-04,7500
33,1020,2024-04-28,7589
1143,1641,2025-09-06,4000
1230,1694,2022-03-22,15080
966,1538,2020-09-30,7307
1083,1607,2025-01-10,4339
894,1498,2025-06-10,10500
669,1372,2026-05-26,9700
1229,1693,2024-06-21,9200
1253,1706,2024-06-16,6800
959,1534,2025-05-25,10000
1328,1750,2026-01-14,12100
152,1086,2026-01-29,4800
960,1535,2023-09-05,"$12,232"
223,1126,2025-08-18,11500
1028,1573,2024-11-18,19400
703,1391,2024-04-09,14700
1210,1681,2025-04-11,8800
1319,1745,2025-05-09,8000
855,1478,2025-02-07,11886
834,1465,2024-04-21,8000
114,1065,2025-03-05,7500
49,1029,2025-04-19,6226
290,1163,2025-04-07,15500
1022,1570,2025-05-19,10300
207,1117,2024-05-26,6874
974,1542,2024-11-04,11320
633,1352,2023-09-12,13214
776,1432,2026-06-14,13700
890,1496,2024-07-22,6981
900,1502,2023-12-14,5714
833,1465,2021-04-22,6153
684,1381,2025-04-06,8500
1398,1788,2026-01-15,14200
618,1344,2024-11-06,10377
686,1382,2025-03-16,17200
870,1485,2025-01-26,"$11,300"
674,1376,2022-08-17,4661
750,1417,2025-09-25,9300
1003,1559,2024-06-30,6800
1093,1613,2024-09-08,6226
409,1227,2025-03-22,14200
630,1350,2025-09-22,9100
1258,1710,2025-02-13,6509
647,1360,2023-12-01,7600
140,1080,2025-06-21,3962
1153,1647,2025-07-11,6981
914,1511,2024-11-14,6226
166,1094,2024-12-13,10300
1114,1625,2024-05-19,12946
813,1453,2025-06-13,8773
215,1121,2024-11-26,15600
132,1075,2025-12-10,"$15,500"
315,1177,2025-05-07,11200
139,1079,2025-03-20,9100
1215,1684,2024-11-29,15800
417,1231,2024-01-31,5800
1030,1575,2023-09-08,8303
39,1023,2024-05-26,10400
54,1031,2026-02-10,11300
707,1393,2024-04-09,14600
137,1078,2025-03-02,9700
1403,1791,2025-06-20,9300
794,1443,2025-03-09,14800
36,1021,2025-01-20,6900
26,1016,2021-11-25,7258
658,1366,2020-11-04,5461
450,1250,2022-01-17,8306
579,1321,2025-02-19,
1077,1603,2025-07-13,13800
303,1171,2024-07-28,4150
1441,1812,2025-03-24,6900
1494,1840,2025-05-06,5200
1179,1663,2022-03-08,5322
1053,1589,2023-03-23,6525
1208,1680,2025-12-17,5300
778,1433,2024-11-03,6500
1234,1697,2025-02-19,9905
245,1139,2022-02-18,
104,1060,2020-07-30,19230
277,1156,2024-03-02,6696
394,1219,2024-11-06,5300
111,1064,2022-09-07,11101
589,1326,2024-10-17,7400
160,1091,2025-02-21,7547
971,1540,2025-04-20,10400
748,1416,2025-12-25,8500
1543,9995,2024-01-15,6200
1125,1631,2026-03-30,6500
661,1367,2026-02-04,18100
1175,1660,2023-11-28,13700
340,1190,2024-09-27,7264
330,1185,2023-10-17,
134,1077,2025-02-22,4716
638,1354,2024-12-19,9300
168,1095,2024-07-08,5100
1416,1798,2024-04-26,5100
928,1518,2023-12-18,4375
861,1481,2023-11-02,7232
1021,1570,2024-10-12,9716
1501,1844,2025-06-05,6100
25,1015,2025-06-08,"$8,900"
807,1450,2024-01-07,5357
1432,1807,2026-01-19,5600
444,1246,2024-05-12,13700
151,1085,2024-10-13,7200
1324,1748,2023-10-11,10892
95,1054,2025-08-31,12500
1370,1772,2025-10-12,6800
218,1123,2026-06-29,18300
382,1213,2024-07-05,7142
1048,1585,2026-02-10,17500
781,1436,2024-07-30,4245
901,1502,2025-02-24,6400
1455,1820,2022-08-30,10508
865,1483,2024-09-17,13396
293,1165,2021-08-25,
713,1397,2023-04-13,11864
101,1058,2025-11-21,10700
1050,1586,2025-05-27,19600
784,1437,2024-12-13,7800
1221,1689,2022-07-03,5241
490,1271,2026-01-08,13300
701,1390,2025-07-03,7100
1169,1657,2025-07-02,15283
751,1418,2023-09-17,10267
963,1536,2024-01-12,8200
1013,1566,2024-11-16,13584
243,1138,2024-07-22,6037
169,1096,2023-11-24,9375
74,1042,2025-12-18,17500
560,1311,2025-04-29,7600
1334,1754,2024-04-18,
1514,1852,2025-10-24,8800
1285,1725,2025-02-01,"$7,500"
119,1068,2025-07-11,7452
1139,1639,2025-03-02,11320
521,1288,2024-10-24,6000
714,1397,2025-01-29,14000
993,1553,2025-09-30,5900
6,1004,2026-07-06,5600
255,1144,2024-11-23,8400
1094,1613,2025-04-15,6600
1039,1580,2024-08-21,9716
384,1214,2026-03-09,9900
1103,1618,2026-06-08,5600
517,1286,2024-03-10,"$11,785"
55,1032,2025-04-29,8867
468,1259,2025-03-18,
267,1150,2024-12-05,8200
1034,1577,2023-03-03,8898
584,1323,2025-05-16,13800
767,1426,2025-01-31,8500
538,1298,2023-08-09,4821
1460,1822,2024-05-28,6200
60,1034,2025-05-16,8600
1191,1669,2025-02-28,9400
167,1095,2022-09-20,4322
1280,1721,2024-01-08,11200
816,1455,2025-04-21,8867
332,1186,2022-10-12,4661
248,1140,2024-07-13,"$14,900"
374,1209,2025-03-11,6886
1219,1687,2026-03-31,6700
500,1276,2025-06-21,4300
1222,1689,2024-11-25,"$6,500"
1194,1671,2024-09-10,17100
637,1354,2023-03-03,7881
617,1343,2025-07-11,12600
1388,1782,2024-12-04,9200
1188,1668,2020-03-18,5073
567,1315,2021-09-10,10887
235,1133,2024-10-04,"$9,700"
627,1349,2023-10-24,10535
431,1239,2025-05-08,13490
1011,1564,2025-02-23,5900
1380,1778,2022-12-05,16016
192,1108,2025-08-11,13000
1203,1677,2024-10-10,8000
1176,1661,2025-09-30,11000
436,1242,2025-03-21,15000
837,1467,2025-05-06,10200
1428,1804,2026-02-11,9200
1187,1667,2024-04-08,7600
1017,1568,2024-08-18,15566
185,1104,2024-05-19,21900
688,1384,2024-12-10,4339
639,1355,2025-11-06,12100
570,1316,2025-04-11,14500
934,1521,2026-02-25,9600
1170,1657,2026-02-06,16200
534,1295,2024-09-26,6400
1539,9991,2024-01-15,6000
1249,1704,2025-03-21,6600
743,1414,2023-09-22,9107
197,1111,2025-11-03,17000
1534,1863,2025-07-04,9600
496,1274,2024-08-18,9000
592,1328,2026-06-14,7200
937,1523,2025-03-16,11603
1042,1582,2025-06-26,10377
980,1545,2025-01-27,10283
381,1212,2025-03-17,
28,1017,2025-11-17,12300
396,1220,2025-07-19,13800
321,1180,2024-08-17,17600
148,1084,2019-11-12,11470
798,1445,2024-03-31,8700
624,1347,2025-07-24,8700
239,1136,2022-07-14,7177
1010,1564,2023-05-08,
911,1509,2023-03-22,9237
896,1499,2024-12-06,6400
1512,1851,2021-07-05,10461
107,1061,2026-02-01,11800
351,1196,2025-02-08,8396
651,1362,2025-07-15,7900
390,1217,2023-04-04,12300
1005,1560,2025-06-26,9100
1118,1627,2025-10-25,6000
555,1308,2025-01-09,20200
1458,1821,2024-04-09,16900
171,1097,2023-05-09,5423
1268,1715,2025-12-22,
307,1173,2024-10-29,7358
416,1231,2021-09-07,4677
1504,1846,2025-07-09,5300
1311,1741,2023-08-23,10400
429,1238,2024-12-30,11603
187,1105,2024-05-10,11800
1006,1561,2024-06-27,7857
909,1507,2026-06-07,9200
270,1152,2025-06-30,13000
868,1484,2025-09-18,7500
631,1351,2023-07-14,9491
951,1530,2025-07-11,7075
163,1093,2025-07-08,5566
414,1230,2025-02-06,14528
1359,1766,2025-03-03,11400
96,1055,2024-08-27,11226
99,1056,2024-07-20,16000
1031,1575,2024-11-19,9300
877,1489,2022-04-04,6693
818,1456,2025-05-26,7547
823,1459,2022-01-12,5725
208,1117,2025-08-07,7700
975,1542,2025-06-11,12000
687,1383,2026-04-01,13600
873,1487,2021-06-23,6230
246,1139,2024-07-13,19800
230,1130,2025-11-17,12100
907,1506,2024-02-18,15267
9,1006,2025-12-02,7200
897,1500,2025-07-30,9600
1437,1810,2025-08-24,9200
1421,1801,2024-08-23,17735
1466,1825,2024-11-14,16300
866,1483,2025-04-24,14200
1317,1744,2023-03-07,7900
792,1442,2025-06-25,10700
1023,1571,2024-12-22,8962
190,1107,2022-09-23,12542
261,1147,2025-05-12,9900
145,1082,2025-03-03,7400
829,1463,2023-09-21,8124
699,1389,2023-10-21,9100
920,1514,2024-10-09,6320
1429,1805,2024-02-05,7232
938,1523,2025-10-21,12300
1036,1578,2026-03-08,7800
1396,1787,2025-07-30,7100
891,1496,2025-02-26,7400
595,1330,2024-10-13,7100
532,1294,2024-07-30,3900
895,1499,2023-09-25,5714
1502,1845,2026-04-09,8500
1152,1646,2023-09-19,"$4,500"
58,1033,2025-07-20,7500
1058,1592,2024-05-05,13035
1262,1712,2023-10-15,9375
283,1159,2023-12-16,8100
935,1522,2023-02-10,8305
363,1203,2024-08-15,11981
244,1138,2025-02-26,6400
93,1053,2026-05-10,14900
1235,1697,2025-09-26,10500
338,1189,2023-01-30,13474
1014,1566,2025-06-23,"$14,400"
948,1528,2026-02-22,13200
1110,1622,2025-06-08,4400
191,1107,2024-07-11,14800
40,1024,2023-11-05,5178
976,1543,2022-12-27,11355
635,1353,2025-06-27,10754
765,1425,2025-06-16,9800
724,1403,2025-05-08,7400
1129,1633,2024-04-26,21800
64,1036,2025-05-05,7900
234,1133,2022-12-17,8220
677,1377,2024-11-06,7700
106,1061,2025-06-27,11132
754,1420,2023-06-22,11271
903,1503,2025-01-30,
254,1144,2023-02-05,7118
423,1234,2024-07-05,6500
775,1431,2025-03-30,18700
1233,1696,2026-05-25,4100
859,1480,2025-05-19,13207
925,1516,2025-10-12,9800
80,1045,2025-10-29,13200
990,1550,2024-09-08,9500
1107,1621,2025-05-11,10566
498,1275,2024-09-30,11300
1481,1833,2026-05-19,8400
88,1050,2025-08-27,11400
65,1037,2023-12-03,20089
1295,1731,2024-09-02,10700
606,1337,2024-01-31,13214
275,1155,2021-06-16,7615
1531,1862,2021-04-21,5153
1378,1777,2023-07-16,7627
1463,1824,2025-06-24,9622
154,1087,2025-05-26,
614,1341,2025-10-11,7100
411,1228,2025-03-26,14200
831,1464,2021-07-10,7846
913,1510,2026-01-11,8800
518,1286,2025-05-22,13200
45,1027,2022-09-19,11101
391,1218,2025-04-24,16037
221,1125,2023-02-28,5338
141,1080,2026-01-26,4200
358,1200,2025-06-15,"$10,943"
723,1403,2024-10-01,6981
1158,1650,2026-03-15,12200
262,1148,2024-05-11,6339
1303,1737,2024-09-27,7830
899,1501,2024-09-11,10900
1104,1619,2023-01-01,7542
196,1110,2025-08-08,5800
116,1066,2025-08-13,8900
1076,1603,2024-05-01,12321
1074,1602,2023-01-13,10423
719,1401,2024-07-27,9245
1491,1839,2024-09-29,6037
1209,1681,2024-09-04,8301
1508,1849,2023-08-15,7142
359,1200,2026-01-20,11600
1061,1594,2025-01-12,6132
1020,1569,2024-03-06,6700
1364,1769,2025-05-02,16132
1001,1558,2025-11-01,4900
936,1522,2024-11-28,9800
755,1420,2025-04-09,13300
421,1233,2024-11-20,10100
150,1085,2022-05-21,5806
10,1007,2022-12-01,4406
1070,1599,2024-09-23,9400
1120,1628,2025-08-08,6400
1470,1827,2025-02-02,9200
535,1296,2024-06-17,6160
549,1305,2025-02-24,13867
299,1168,2025-11-13,7400
977,1543,2024-10-14,13400
1315,1743,2026-02-15,13900
1338,1756,2024-02-15,13482
123,1070,2025-08-31,20800
1418,1799,2025-04-14,9400
1373,1774,2026-06-28,11800
1386,1781,2025-11-22,10700
1361,1767,2025-10-21,14600
1160,1651,2026-02-08,11400
1425,1803,2024-03-29,9821
710,1395,2026-05-14,7100
1405,1792,2025-07-19,5400
770,1429,2024-09-15,17075
1392,1785,2025-05-07,7000
89,1051,2024-07-05,6071
1472,1828,2024-11-01,5200
1033,1576,2024-07-14,9400
98,1056,2022-02-25,12903
1517,1854,2022-07-08,6693
349,1195,2025-06-13,16509
510,1281,2025-04-13,7700
212,1120,2022-09-01,7118
704,1392,2024-09-16,6792
747,1416,2025-05-20,8018
1046,1584,2025-08-02,8900
940,1524,2023-12-21,11300
1480,1832,2025-08-21,7300
1533,1863,2024-11-27,9056
1423,1802,2024-07-07,6696
479,1265,2020-08-14,6153
492,1272,2025-03-27,7700
842,1470,2024-11-14,10600
1071,1600,2025-08-22,12900
365,1204,2025-04-01,15754
297,1167,2025-03-25,10900
50,1029,2025-11-24,6600
225,1128,2022-03-03,16935
1244,1702,2024-12-27,4716
1497,1842,2025-10-16,12700
851,1475,2024-11-07,12600
648,1361,2025-05-23,5943
1226,1692,2024-06-26,9821
563,1313,2023-07-16,9576
623,1346,2025-07-30,6700
1538,1865,2025-06-16,8500
1088,1610,2021-12-22,10806
805,1449,2021-12-28,4758
605,1336,2026-02-05,8400
1270,1716,2025-05-02,8400
443,1246,2022-07-25,11610
1450,1817,2025-02-14,8679
1025,1572,2023-03-10,9576
540,1299,2026-06-22,9000
768,1427,2026-07-19,13300
763,1424,2023-04-26,10500
869,1485,2023-11-15,10089
690,1385,2023-07-05,6016
188,1106,2023-04-05,14491
407,1226,2025-07-26,7700
1012,1565,2025-09-04,13800
1173,1659,2025-07-11,14200
752,1418,2024-11-28,11500
1051,1587,2025-10-29,7200
462,1256,2025-03-11,"$5,800"
671,1374,2025-12-20,6400
656,1365,2021-05-16,10615
786,1438,2025-03-13,4500
1084,1607,2025-08-17,4600
715,1398,2023-01-12,11525
1351,1762,2025-07-28,9500
425,1235,2024-11-09,6800
44,1026,2026-04-07,7700
662,1368,2024-04-25,7053
636,1353,2026-02-01,11400
529,1293,2023-11-03,6517
988,1549,2025-07-26,8900
219,1124,2023-06-27,12372
821,1458,2025-02-04,15754
1540,9992,2024-01-15,5500
1488,1837,2025-05-09,11600
856,1478,2025-09-14,"$12,600"
610,1339,2025-06-02,4716
486,1269,2023-04-24,"$10,254"
1150,1645,2025-10-30,8200
1018,1568,2025-03-25,"$16,500"
1086,1608,2025-08-10,9800
82,1046,2025-09-28,10100
325,1182,2025-01-16,7900
1410,1795,2026-03-13,9000
1081,1606,2025-07-01,6792
20,1012,2025-04-27,13800
455,1252,2024-11-27,5700
1111,1623,2025-01-13,14433
839,1469,2024-08-20,5283
759,1422,2025-07-16,7800
1341,1757,2026-01-10,11200
35,1021,2023-04-04,5847
809,1451,2022-06-05,10967
1163,1653,2022-11-28,5932
905,1504,2024-11-30,9900
801,1447,2023-10-20,14910
97,1055,2025-04-03,11900
1108,1621,2025-12-16,11200
447,1248,2025-08-12,8000
475,1263,2023-01-03,8474
367,1205,2024-12-03,6981
1493,1840,2023-07-19,4406
761,1423,2024-04-15,5200
919,1513,2026-02-16,20400
1426,1803,2025-06-10,11000
760,1423,2021-11-21,4193
393,1219,2022-06-14,4274
1296,1732,2023-07-01,9237
507,1280,2022-02-28,12096
435,1242,2023-06-03,12711
649,1361,2025-12-28,6300
943,1526,2022-02-15,9677
1232,1695,2026-06-10,9600
1344,1759,2023-04-18,16864
1527,1860,2020-09-17,6461
133,1076,2026-03-25,7300
1075,1602,2024-10-31,12300
973,1541,2024-12-17,10600
1263,1712,2024-12-26,10500
451,1250,2024-06-11,10300
32,1019,2024-05-11,"$19,900"
122,1070,2025-01-24,19622
1236,1698,2024-09-07,10566
1376,1776,2025-03-22,15377
1479,1832,2024-06-09,6517
1327,1750,2025-06-09,"$11,415"
1113,1624,2025-07-21,8300
1350,1762,2024-05-16,8482
1348,1761,2022-12-23,8389
256,1145,2024-02-04,7232
893,1498,2024-03-29,9375
360,1201,2024-10-06,"$3,867"
52,1030,2024-01-30,8600
876,1488,2024-08-04,18000
939,1524,2021-07-28,9112
773,1430,2025-10-15,10500
1127,1632,2025-01-15,8600
1220,1688,2026-06-13,15500
680,1379,2024-07-04,4553
806,1449,2024-05-22,5900
125,1071,2024-04-26,8000
405,1225,2025-12-18,12800
731,1407,2025-01-24,5188
1312,1742,2024-02-29,10446
832,1464,2024-07-09,10200
1072,1601,2023-04-08,4661
726,1404,2025-12-13,9400
588,1326,2022-12-30,6271
608,1338,2025-06-23,9622
434,1241,2025-10-28,6600
675,1376,2024-06-04,5500
1288,1727,2024-04-27,10892
361,1201,2025-05-13,4100
1100,1616,2024-11-23,7300
467,1259,2024-01-05,5803
300,1169,2026-05-07,15000
494,1273,2025-05-30,7600
528,1292,2023-07-28,10800
1193,1671,2022-11-23,14491
